home_team_id,away_team_id,league_id,day_of_week,month,home_odds,draw_odds,away_odds,odds_ratio,home_team,away_team,league,implied_prob_home,implied_prob_away,overround,implied_prob_draw,volatility,market_sentiment,historical_roi
27,27,6,5,4,1.73,4.13,4.0,0.4325,Manchester City,Liverpool,Premier League,0.5780346820809249,0.25,1.0701654326862517,0.24213075060532688,0.12126107119385901,0.9734777152719829,0.014326976016919929
11,3,6,5,4,3.08,2.06,2.0,1.54,Chelsea,Arsenal,Premier League,0.3246753246753247,0.5,1.3101122178792082,0.4854368932038835,0.21053609818779934,-0.40414903288810566,0.09306197462505034
40,6,3,5,4,1.85,4.19,3.92,0.4719387755102041,Real Madrid,Barcelona,La Liga,0.5405405405405405,0.25510204081632654,1.0343060658437406,0.2386634844868735,0.35501355628716047,-0.7593432551918693,-0.12154457219991285
5,46,3,5,4,1.73,3.3,3.63,0.4765840220385675,Atletico Madrid,Sevilla,La Liga,0.5780346820809249,0.27548209366391185,1.1565470787751397,0.30303030303030304,0.4930936867643301,-0.14055047689815625,0.11798797928771426
19,33,9,5,4,3.76,3.6,2.12,1.7735849056603772,Inter,Milan,Serie A,0.26595744680851063,0.4716981132075471,1.0154333377938354,0.2777777777777778,0.1643214821736418,-0.3732346465573333,-0.06963028779108052
21,36,9,5,4,2.85,3.54,3.9,0.7307692307692308,Juventus,Napoli,Serie A,0.3508771929824561,0.25641025641025644,0.8897733250989273,0.2824858757062147,0.19376004513512335,-0.5377688224368031,0.09944732213081958
7,12,0,5,4,2.57,2.82,3.87,0.6640826873385013,Bayern Munich,Dortmund,Bundesliga,0.38910505836575876,0.25839793281653745,1.0021129202603105,0.3546099290780142,0.17880609731875097,0.8811388565975944,0.2296054272247609
24,25,0,5,4,2.72,4.8,3.22,0.84472049689441,Leipzig,Leverkusen,Bundesliga,0.3676470588235294,0.3105590062111801,0.8865393983680429,0.20833333333333334,0.372308887131492,-0.8112685231858658,0.07111274891936104
36,31,4,5,4,2.68,3.83,2.01,1.3333333333333337,PSG,Marseille,Ligue 1,0.3731343283582089,0.49751243781094534,1.1317433719132795,0.2610966057441253,0.404072505782902,-0.6979212822520402,0.07713145247944259
26,34,4,5,4,2.92,2.51,3.94,0.7411167512690355,Lyon,Monaco,Ligue 1,0.3424657534246575,0.25380710659898476,0.9946792345256343,0.39840637450199207,0.2820149417332879,-0.5621255575788033,-0.0415605713474089
27,27,6,6,4,2.21,3.03,3.56,0.6207865168539326,Manchester City,Liverpool,Premier League,0.45248868778280543,0.2808988764044944,1.0634205674876298,0.33003300330033003,0.21868032245195845,-0.15045339954597936,-0.16468109649240037
11,3,6,6,4,1.81,2.0,1.67,1.083832335329341,Chelsea,Arsenal,Premier League,0.5524861878453039,0.5988023952095809,1.651288583054885,0.5,0.2475719878721106,-0.5763065176194155,0.29655881599365363
40,6,3,6,4,1.5,4.13,3.56,0.4213483146067415,Real Madrid,Barcelona,La Liga,0.6666666666666666,0.2808988764044944,1.1896962936764879,0.24213075060532688,0.24179854023035446,-0.6208868834295911,0.08052233898377975
5,46,3,6,4,2.92,2.32,3.81,0.7664041994750656,Atletico Madrid,Sevilla,La Liga,0.3424657534246575,0.26246719160104987,1.035967427784328,0.4310344827586207,0.21763169925709352,0.21340399129578835,-0.03007741112170978
19,33,9,6,4,3.6,4.22,2.36,1.5254237288135597,Inter,Milan,Serie A,0.2777777777777778,0.42372881355932207,0.9384734159816497,0.23696682464454977,0.31313155073028287,-0.2337418237897253,0.19791901924911826
21,36,9,6,4,3.09,3.42,3.62,0.8535911602209945,Juventus,Napoli,Serie A,0.3236245954692557,0.27624309392265195,0.8922653502106211,0.29239766081871343,0.3643305725101751,0.7362148435576814,0.3605686555294168
7,12,0,6,4,2.58,4.01,3.44,0.75,Bayern Munich,Dortmund,Bundesliga,0.38759689922480617,0.29069767441860467,0.9276711322469021,0.24937655860349128,0.18850223075908726,0.3650268542399866,0.23179596537954944
24,25,0,6,4,3.13,3.09,3.04,1.0296052631578947,Leipzig,Leverkusen,Bundesliga,0.3194888178913738,0.32894736842105265,0.9720607817816821,0.3236245954692557,0.11279168065269901,-0.008167338854635942,-0.19859774090137927
36,31,4,6,4,1.58,2.64,1.82,0.8681318681318682,PSG,Marseille,Ligue 1,0.6329113924050632,0.5494505494505494,1.5611498206434913,0.3787878787878788,0.16973178339989636,0.21698060203504377,0.0005021826396111595
26,34,4,6,4,3.86,4.98,3.66,1.0546448087431692,Lyon,Monaco,Ligue 1,0.2590673575129534,0.27322404371584696,0.7330946140802059,0.2008032128514056,0.43450385681751535,0.4390026599210539,-0.17576655504541003
27,27,6,0,4,2.81,3.84,3.58,0.7849162011173184,Manchester City,Liverpool,Premier League,0.35587188612099646,0.27932960893854747,0.8956181617262107,0.2604166666666667,0.42509387402219967,-0.9744138407017047,0.07561768649613759
11,3,6,0,4,3.65,4.18,3.46,1.0549132947976878,Chelsea,Arsenal,Premier League,0.273972602739726,0.28901734104046245,0.802224393540954,0.23923444976076558,0.32334523356488853,-0.35137691428730444,0.18267708905062946
40,6,3,0,4,2.24,3.26,2.8,0.8000000000000002,Real Madrid,Barcelona,La Liga,0.4464285714285714,0.35714285714285715,1.1103198948290973,0.3067484662576687,0.3977666301125198,0.11466595958092785,0.39000717022572245
5,46,3,0,4,3.87,2.19,3.03,1.2772277227722773,Atletico Madrid,Sevilla,La Liga,0.25839793281653745,0.33003300330033003,1.0450519406830776,0.4566210045662101,0.2405458190692373,0.6447126960310494,0.18338371179823543
19,33,9,0,4,3.53,4.29,3.61,0.9778393351800554,Inter,Milan,Serie A,0.28328611898017,0.2770083102493075,0.7933946623297106,0.2331002331002331,0.4720165306869263,0.616943285460573,0.21984408500890756
21,36,9,0,4,3.58,2.17,3.54,1.0112994350282487,Juventus,Napoli,Serie A,0.27932960893854747,0.2824858757062147,1.0226449777323197,0.4608294930875576,0.3518441729967975,-0.8950012343289884,-0.19782647784817092
7,12,0,0,4,3.1,2.02,3.59,0.8635097493036212,Bayern Munich,Dortmund,Bundesliga,0.3225806451612903,0.2785515320334262,1.0961816821452115,0.49504950495049505,0.15871204899622193,0.9403884674677616,0.34789031734746995
24,25,0,0,4,2.25,4.43,1.71,1.3157894736842106,Leipzig,Leverkusen,Bundesliga,0.4444444444444444,0.5847953216374269,1.2549734003933837,0.22573363431151244,0.1786620586634125,-0.1724401868971135,0.1977734272049696
36,31,4,0,4,2.69,4.14,2.14,1.2570093457943925,PSG,Marseille,Ligue 1,0.3717472118959108,0.4672897196261682,1.0805828252418859,0.24154589371980678,0.4895252925120649,-0.189464582024238,-0.1467203148480792
26,34,4,0,4,3.29,4.47,3.4,0.9676470588235294,Lyon,Monaco,Ligue 1,0.303951367781155,0.29411764705882354,0.8217826613724171,0.2237136465324385,0.31491041947513365,-0.8038350085154888,0.23205173300317433
27,27,6,1,4,2.81,3.45,3.25,0.8646153846153847,Manchester City,Liverpool,Premier League,0.35587188612099646,0.3076923076923077,0.9534192662770722,0.2898550724637681,0.33965583951555234,0.8898905944531719,0.296355823964475
11,3,6,1,4,2.41,3.66,2.8,0.8607142857142858,Chelsea,Arsenal,Premier League,0.41493775933609955,0.35714285714285715,1.0453046601948035,0.27322404371584696,0.4057842869753697,0.7013037096057873,0.24665497450078727
40,6,3,1,4,3.83,2.08,3.64,1.0521978021978022,Real Madrid,Barcelona,La Liga,0.2610966057441253,0.2747252747252747,1.0165911112386308,0.4807692307692307,0.20211600159879542,-0.30850168524735966,0.2999965217995092
5,46,3,1,4,1.66,2.97,2.58,0.6434108527131782,Atletico Madrid,Sevilla,La Liga,0.6024096385542169,0.38759689922480617,1.3267068744793598,0.33670033670033667,0.35333078606590784,0.7247660194468146,-0.05392099112505325
19,33,9,1,4,1.87,2.5,3.27,0.5718654434250765,Inter,Milan,Serie A,0.53475935828877,0.3058103975535168,1.2405697558422868,0.4,0.20399316517001945,-0.5006597047314083,0.0278746384428398
21,36,9,1,4,2.32,3.27,3.28,0.7073170731707317,Juventus,Napoli,Serie A,0.4310344827586207,0.3048780487804878,1.0417229290926253,0.3058103975535168,0.42763314419351495,0.4276726866308662,-0.1694637461600035
7,12,0,1,4,1.53,3.85,3.02,0.5066225165562914,Bayern Munich,Dortmund,Bundesliga,0.6535947712418301,0.33112582781456956,1.2444608587966592,0.2597402597402597,0.3873070339412369,-0.021613841541517242,0.10155488104602295
24,25,0,1,4,2.1,3.36,1.96,1.0714285714285714,Leipzig,Leverkusen,Bundesliga,0.47619047619047616,0.5102040816326531,1.284013605442177,0.2976190476190476,0.21626006862818398,0.7118704370707862,0.23894279145377872
36,31,4,1,4,2.93,2.12,3.87,0.7571059431524548,PSG,Marseille,Ligue 1,0.341296928327645,0.25839793281653745,1.0713929743517296,0.4716981132075471,0.49646634001561585,0.3752840318274857,0.028015721466695703
26,34,4,1,4,1.77,3.42,3.32,0.533132530120482,Lyon,Monaco,Ligue 1,0.5649717514124294,0.30120481927710846,1.1585742315082515,0.29239766081871343,0.17239752148901571,0.6560533551942838,-0.1404644724038391
27,27,6,2,4,1.85,3.36,3.19,0.5799373040752351,Manchester City,Liverpool,Premier League,0.5405405405405405,0.31347962382445144,1.1516392119840395,0.2976190476190476,0.14845854588124505,0.38532045951558724,0.2358873224509404
11,3,6,2,4,1.94,3.42,2.95,0.6576271186440678,Chelsea,Arsenal,Premier League,0.5154639175257733,0.3389830508474576,1.1468446291919443,0.29239766081871343,0.15702857559357813,-0.697559365001347,0.12550486949875206
40,6,3,2,4,1.63,3.4,2.63,0.6197718631178707,Real Madrid,Barcelona,La Liga,0.6134969325153374,0.3802281368821293,1.2878427164562902,0.29411764705882354,0.1918322821318495,-0.24450089286199606,0.1822133129431076
5,46,3,2,4,3.42,2.19,2.64,1.2954545454545454,Atletico Madrid,Sevilla,La Liga,0.29239766081871343,0.3787878787878788,1.1278065441728022,0.4566210045662101,0.37215333968704045,0.6731344680282885,0.2044442960313313
19,33,9,2,4,1.51,4.68,3.09,0.4886731391585761,Inter,Milan,Serie A,0.6622516556291391,0.3236245954692557,1.1995514647736085,0.2136752136752137,0.3540796914285782,-0.737302971954005,0.23965996561134212
21,36,9,2,4,3.68,3.8,2.62,1.4045801526717556,Juventus,Napoli,Serie A,0.2717391304347826,0.38167938931297707,0.9165764144846018,0.2631578947368421,0.49903602074128484,0.3179516359498289,0.3806271276973479
7,12,0,2,4,1.83,3.9,3.1,0.5903225806451613,Bayern Munich,Dortmund,Bundesliga,0.5464480874316939,0.3225806451612903,1.1254389890032406,0.25641025641025644,0.19641856902371077,-0.6128358542690528,-0.08704281281965665
24,25,0,2,4,3.64,2.94,1.76,2.0681818181818183,Leipzig,Leverkusen,Bundesliga,0.2747252747252747,0.5681818181818182,1.1830431473288616,0.3401360544217687,0.27171646584128417,0.48842091580059566,0.15478983113212075
36,31,4,2,4,2.57,3.08,2.35,1.0936170212765957,PSG,Marseille,Ligue 1,0.38910505836575876,0.425531914893617,1.1393122979347003,0.3246753246753247,0.38345966766049255,-0.6355024549574297,0.1851400709290043
26,34,4,2,4,3.5,3.21,3.74,0.9358288770053476,Lyon,Monaco,Ligue 1,0.2857142857142857,0.267379679144385,0.8646204446094494,0.3115264797507788,0.3625563286711051,0.3270137480787989,0.3257201366647407
27,27,6,3,4,3.68,4.94,1.79,2.055865921787709,Manchester City,Liverpool,Premier League,0.2717391304347826,0.5586592178770949,1.0328274981094483,0.20242914979757085,0.26668754508463755,-0.9705346798892098,0.3623797097411254
11,3,6,3,4,1.52,2.31,2.42,0.628099173553719,Chelsea,Arsenal,Premier League,0.6578947368421053,0.4132231404958678,1.504018310238406,0.4329004329004329,0.3344239237618681,-0.34440874187046244,-0.18560242432856602
40,6,3,3,4,1.92,2.98,2.15,0.8930232558139535,Real Madrid,Barcelona,La Liga,0.5208333333333334,0.46511627906976744,1.3215200822017585,0.33557046979865773,0.3147871455194745,0.732000816981661,0.23188827560118985
5,46,3,3,4,1.8,4.28,1.95,0.9230769230769232,Atletico Madrid,Sevilla,La Liga,0.5555555555555556,0.5128205128205129,1.3020209281891526,0.2336448598130841,0.2266098686366388,-0.9709524981331679,0.16337295131160084
19,33,9,3,4,3.9,3.82,2.51,1.553784860557769,Inter,Milan,Serie A,0.25641025641025644,0.39840637450199207,0.9165967356242903,0.2617801047120419,0.2971772117072854,-0.6307284113846006,-0.14957572274025116
21,36,9,3,4,3.05,2.65,2.49,1.2248995983935742,Juventus,Napoli,Serie A,0.3278688524590164,0.4016064257028112,1.1068337687278653,0.37735849056603776,0.18073187653813796,-0.5683692376468303,0.21377818538060578
7,12,0,3,4,2.03,2.3,3.95,0.5139240506329114,Bayern Munich,Dortmund,Bundesliga,0.4926108374384237,0.2531645569620253,1.1805580030961011,0.4347826086956522,0.2159264743378449,0.6199369869315747,0.3512510427378985
24,25,0,3,4,1.72,4.55,2.37,0.7257383966244725,Leipzig,Leverkusen,Bundesliga,0.5813953488372093,0.42194092827004215,1.2231164968874713,0.21978021978021978,0.19944409076035302,-0.555545530024733,-0.11905831856060753
36,31,4,3,4,3.5,3.57,1.81,1.9337016574585637,PSG,Marseille,Ligue 1,0.2857142857142857,0.5524861878453039,1.1183125183775169,0.2801120448179272,0.2851537838892489,-0.1089653203487897,-0.11995848836083671
26,34,4,3,4,2.83,4.0,2.75,1.029090909090909,Lyon,Monaco,Ligue 1,0.35335689045936397,0.36363636363636365,0.9669932540957276,0.25,0.27465054283384027,0.9403986353803429,0.05560711942289448
27,27,6,4,4,2.72,2.04,3.68,0.7391304347826088,Manchester City,Liverpool,Premier League,0.3676470588235294,0.2717391304347826,1.1295822676896845,0.49019607843137253,0.15541101594756582,0.29493537999900155,0.24303271447108016
11,3,6,4,4,2.85,4.77,2.82,1.0106382978723405,Chelsea,Arsenal,Premier League,0.3508771929824561,0.3546099290780142,0.9151307279304913,0.20964360587002098,0.4618411683770478,-0.3570855969662454,0.12248532252741234
40,6,3,4,4,2.64,3.15,3.61,0.7313019390581718,Real Madrid,Barcelona,La Liga,0.3787878787878788,0.2770083102493075,0.9732565064975037,0.31746031746031744,0.28803841488262316,0.033664190549989925,0.23222907344743327
5,46,3,4,4,1.68,2.74,2.77,0.6064981949458483,Atletico Madrid,Sevilla,La Liga,0.5952380952380952,0.36101083032490977,1.3212124292126401,0.36496350364963503,0.250168763556321,0.5534170086672638,0.2942127995094807
19,33,9,4,4,2.05,4.09,2.38,0.861344537815126,Inter,Milan,Serie A,0.48780487804878053,0.42016806722689076,1.1524717227817838,0.24449877750611249,0.34354486697349385,0.12566656550560662,0.28605828311946235
21,36,9,4,4,1.54,3.24,2.07,0.7439613526570049,Juventus,Napoli,Serie A,0.6493506493506493,0.48309178743961356,1.4410844120989048,0.30864197530864196,0.439474574761054,-0.20974701497839865,0.2623147928830791
7,12,0,4,4,3.67,4.8,3.56,1.0308988764044944,Bayern Munich,Dortmund,Bundesliga,0.2724795640326976,0.2808988764044944,0.7617117737705253,0.20833333333333334,0.2795286716868829,-0.9652066215206525,0.17299885246741453
24,25,0,4,4,3.57,4.09,3.8,0.9394736842105263,Leipzig,Leverkusen,Bundesliga,0.2801120448179272,0.2631578947368421,0.7877687170608818,0.24449877750611249,0.47588941523532324,0.5505266020563595,-0.17163022928835178
36,31,4,4,4,3.69,3.25,1.89,1.9523809523809528,PSG,Marseille,Ligue 1,0.2710027100271003,0.5291005291005292,1.1077955468199372,0.3076923076923077,0.39305026753148364,0.32268016042481995,-0.062096414277803214
26,34,4,4,4,1.79,4.17,3.18,0.5628930817610063,Lyon,Monaco,Ligue 1,0.5586592178770949,0.31446540880503143,1.1129327801593447,0.23980815347721823,0.20297812547792443,0.6199760932212695,-0.15766624981093796
33,49,5,3,4,3.59,4.56,3.83,0.9373368146214098,NYCFC,Toronto FC,MLS,0.2785515320334262,0.2610966057441253,0.7589463833915866,0.2192982456140351,0.29515325465239695,-0.8572107515245306,0.18320217420420937
46,55,1,5,4,3.2,3.22,2.57,1.2451361867704285,Sheffield United,Watford,Championship,0.3125,0.38910505836575876,1.0121640645769387,0.3105590062111801,0.47641831516208544,0.02543035969835561,0.14286310782503858
8,16,7,5,4,3.03,2.34,1.55,1.9548387096774191,Benfica,Guimaraes,Primeira Liga,0.33003300330033003,0.6451612903225806,1.4025447209733382,0.4273504273504274,0.31261437577700796,0.7650038091323266,0.1800105009135496
27,30,6,6,4,3.64,4.17,1.95,1.8666666666666667,Manchester City,Manchester United,Premier League,0.2747252747252747,0.5128205128205129,1.027353941023006,0.23980815347721823,0.4298549440584848,-0.8428925278903898,0.025165930952254195
35,32,1,6,4,2.28,4.8,3.08,0.7402597402597402,Norwich,Middlesbrough,Championship,0.4385964912280702,0.3246753246753247,0.9716051492367282,0.20833333333333334,0.32777352961648787,0.06042413514640721,0.2514550242156334
53,40,7,5,4,2.12,3.79,1.85,1.145945945945946,Vitoria,Porto,Primeira Liga,0.4716981132075471,0.5405405405405405,1.276090896492151,0.2638522427440633,0.33656916762252986,0.4107338060620196,0.01792622023252366
11,27,6,6,4,3.1,4.96,3.64,0.8516483516483516,Chelsea,Liverpool,Premier League,0.3225806451612903,0.2747252747252747,0.7989188231123715,0.20161290322580647,0.45647736658846194,-0.2781285358943302,0.3277301964136418
29,26,4,1,4,2.29,3.06,2.16,1.0601851851851851,Marseille,Lille,Ligue 1,0.4366812227074236,0.4629629629629629,1.2264415712913015,0.32679738562091504,0.46338522464292664,-0.518415270170316,0.24963693883954385
22,4,5,2,4,3.15,3.45,3.56,0.8848314606741573,LA Galaxy,Atlanta United,MLS,0.31746031746031744,0.2808988764044944,0.8882142663285799,0.2898550724637681,0.3038496562487335,0.9482383311777136,0.3902040077642647
8,40,7,3,4,2.27,4.22,3.2,0.709375,Benfica,Porto,Primeira Liga,0.44052863436123346,0.3125,0.9899954590057832,0.23696682464454977,0.1909385107237272,0.0788322751886581,0.17478029843999693
31,36,9,4,4,1.51,3.45,2.68,0.5634328358208955,Milan,Napoli,Serie A,0.6622516556291391,0.3731343283582089,1.3252410564511161,0.2898550724637681,0.4939436182531881,-0.8897017148195947,0.04188834722923912
56,12,0,2,4,2.04,2.22,2.6,0.7846153846153846,Wolfsburg,Dortmund,Bundesliga,0.49019607843137253,0.3846153846153846,1.3252619134972075,0.4504504504504504,0.4672530868603102,-0.13840822626935734,-0.15840977828215058
6,53,3,2,4,1.79,3.74,1.66,1.0783132530120485,Barcelona,Villarreal,La Liga,0.5586592178770949,0.6024096385542169,1.4284485355756968,0.267379679144385,0.3427327180836248,0.6904856392130718,-0.0325558649037736
13,1,8,5,4,2.3,2.11,2.21,1.0407239819004523,Dundee United,Aberdeen,Scottish Premiership,0.4347826086956522,0.45248868778280543,1.3612049457675572,0.47393364928909953,0.3726421227084792,0.4340479839372873,0.031429268270384086
32,38,4,5,4,2.41,2.98,2.97,0.8114478114478114,Monaco,PSG,Ligue 1,0.41493775933609955,0.33670033670033667,1.0872085658350938,0.33557046979865773,0.2842791143943171,-0.1939076639540942,0.21376474585373756
44,4,5,1,4,3.76,3.25,2.72,1.3823529411764703,Seattle Sounders,Atlanta United,MLS,0.26595744680851063,0.3676470588235294,0.9412968133243478,0.3076923076923077,0.11253702905836974,-0.23526123740764882,-0.060188359260185315
36,43,4,1,4,3.03,2.92,3.72,0.814516129032258,PSG,Rennes,Ligue 1,0.33003300330033003,0.26881720430107525,0.9413159610260629,0.3424657534246575,0.34865253942316304,0.9830164818522091,0.06565039264866895
31,19,9,0,4,3.16,2.35,2.73,1.1575091575091576,Milan,Inter,Serie A,0.3164556962025316,0.3663003663003663,1.1082879773965149,0.425531914893617,0.22942994781387438,-0.05293930889656662,-0.0561283845355601
20,35,5,2,4,1.94,2.51,2.24,0.8660714285714285,Inter Miami,NYCFC,MLS,0.5154639175257733,0.4464285714285714,1.3602988634563367,0.39840637450199207,0.3388622110693711,-0.8160307885159495,0.20817341790498844
46,55,1,5,4,3.72,3.22,2.86,1.3006993006993008,Sheffield United,Watford,Championship,0.26881720430107525,0.3496503496503497,0.9290265601626051,0.3105590062111801,0.11146558801801804,-0.5464345389631022,0.2986337127075791
10,13,8,4,4,3.76,3.28,3.79,0.992084432717678,Celtic,Dundee United,Scottish Premiership,0.26595744680851063,0.2638522427440633,0.8346877383330618,0.3048780487804878,0.11410006763109758,0.5266923749449874,0.31653852609550875
36,28,4,0,4,2.95,4.51,2.2,1.3409090909090908,PSG,Lyon,Ligue 1,0.3389830508474576,0.45454545454545453,1.015257995415085,0.22172949002217296,0.23012578690845073,-0.7853291333145964,0.22738789044490687
7,25,0,1,4,2.41,4.49,1.7,1.4176470588235297,Bayern Munich,Leverkusen,Bundesliga,0.41493775933609955,0.5882352941176471,1.2258902026742367,0.22271714922048996,0.3844143413419677,-0.9048148197354986,0.18350929671916383
12,57,0,2,4,2.97,4.62,3.16,0.939873417721519,Dortmund,Wolfsburg,Bundesliga,0.33670033670033667,0.3164556962025316,0.8696062493530847,0.21645021645021645,0.4692846631256421,-0.15023741275172275,-0.06304843296232107
8,40,7,2,4,3.54,4.13,1.66,2.132530120481928,Benfica,Porto,Primeira Liga,0.2824858757062147,0.6024096385542169,1.1270262648657585,0.24213075060532688,0.12591973063514328,-0.9581984120505196,-0.07151556946425267
28,11,6,0,4,3.63,3.93,1.59,2.283018867924528,Manchester United,Chelsea,Premier League,0.27548209366391185,0.6289308176100629,1.1588658374826262,0.2544529262086514,0.41550394905687604,-0.3838154081886871,0.2791631648364264
26,34,4,0,4,1.71,2.06,3.96,0.4318181818181818,Lyon,Monaco,Ligue 1,0.5847953216374269,0.25252525252525254,1.322757467366563,0.4854368932038835,0.45296555884362333,-0.4459284047335603,0.08257099774798565
8,16,7,3,4,3.96,4.32,2.79,1.4193548387096775,Benfica,Guimaraes,Primeira Liga,0.25252525252525254,0.35842293906810035,0.8424296730748344,0.23148148148148145,0.2687239683303054,0.9796717133051185,0.393429605215233
39,10,8,5,4,3.65,4.01,2.05,1.7804878048780488,Rangers,Celtic,Scottish Premiership,0.273972602739726,0.48780487804878053,1.0111540393919978,0.24937655860349128,0.4316562404823613,-0.7818271043587786,-0.160819121697222
6,42,3,5,4,2.48,4.44,1.53,1.6209150326797386,Barcelona,Real Sociedad,La Liga,0.40322580645161293,0.6535947712418301,1.282045802918668,0.2252252252252252,0.27666472793733854,0.08868324905085379,-0.06426924475085952
47,54,7,1,4,3.63,4.74,3.48,1.043103448275862,Sporting CP,Vitoria,Primeira Liga,0.27548209366391185,0.28735632183908044,0.7738088796380134,0.21097046413502107,0.29416423324597774,-0.6154410679897508,0.34406902353462715
3,30,6,1,4,2.43,2.3,2.18,1.114678899082569,Arsenal,Manchester United,Premier League,0.4115226337448559,0.4587155963302752,1.3050208387707833,0.4347826086956522,0.3666253764977875,0.7430703645391383,0.2791216815253376
28,29,6,2,4,3.95,3.96,3.12,1.266025641025641,Manchester United,Manchester City,Premier League,0.2531645569620253,0.3205128205128205,0.8262026300000984,0.25252525252525254,0.21927524222590358,-0.14228996938029925,0.39346739697481187
2,0,2,0,4,3.49,2.77,3.84,0.9088541666666669,Ajax,AZ Alkmaar,Eredivisie,0.28653295128939826,0.2604166666666667,0.9079604482809747,0.36101083032490977,0.44073000471778156,-0.883434948298707,0.36472632475151806
16,40,7,6,4,2.43,3.66,1.96,1.239795918367347,Guimaraes,Porto,Primeira Liga,0.4115226337448559,0.5102040816326531,1.1949507590933561,0.27322404371584696,0.2343286635144652,-0.5698867518545843,0.041622623641676904
43,19,9,0,4,1.95,3.32,3.75,0.52,Roma,Inter,Serie A,0.5128205128205129,0.26666666666666666,1.080691998764288,0.30120481927710846,0.27451890437376997,-0.034510673566009675,-0.18392654787788543
52,41,3,0,4,1.7,2.33,3.67,0.4632152588555858,Villarreal,Real Madrid,La Liga,0.5882352941176471,0.2724795640326976,1.2898994075065677,0.4291845493562232,0.2299028320496325,0.35081939228570325,0.0048608327902356085
6,5,3,4,4,2.79,3.21,2.56,1.08984375,Barcelona,Atletico Madrid,La Liga,0.35842293906810035,0.390625,1.0605744188188793,0.3115264797507788,0.2694321997632172,-0.4378873865624737,-0.10584778469213396
8,16,7,6,4,3.71,3.5,2.06,1.8009708737864076,Benfica,Guimaraes,Primeira Liga,0.2695417789757412,0.4854368932038835,1.0406929578939104,0.2857142857142857,0.2763633503910695,-0.3570603026642851,0.09685279011581321
56,25,0,2,4,2.45,2.98,3.73,0.6568364611260055,Wolfsburg,Leverkusen,Bundesliga,0.4081632653061224,0.2680965147453083,1.0118302498500884,0.33557046979865773,0.48893849168885495,0.0386595267866241,0.0013980571236087702
42,34,4,3,4,3.05,2.39,2.89,1.055363321799308,Rennes,Monaco,Ligue 1,0.3278688524590164,0.3460207612456747,1.0922996555456952,0.41841004184100417,0.3668632264601974,0.9586977072424456,0.16392875225929665
27,27,6,6,4,2.92,2.95,2.36,1.2372881355932204,Manchester City,Liverpool,Premier League,0.3424657534246575,0.42372881355932207,1.1051776178314372,0.3389830508474576,0.3809253274779373,-0.11801072644673893,-0.16072192375218808
46,32,1,2,4,3.0,2.6,2.45,1.2244897959183672,Sheffield United,Middlesbrough,Championship,0.3333333333333333,0.4081632653061224,1.1261119832548403,0.3846153846153846,0.3730639594750046,0.523081987219925,0.15513318399064013
56,24,0,5,4,2.78,4.31,1.77,1.5706214689265536,Wolfsburg,Leipzig,Bundesliga,0.3597122302158274,0.5649717514124294,1.1567025431131757,0.2320185614849188,0.12715717263798282,-0.8471033605235581,0.38532356979797316
13,18,8,3,4,2.02,3.95,1.9,1.063157894736842,Dundee United,Hibernian,Scottish Premiership,0.49504950495049505,0.5263157894736842,1.2745298513862044,0.2531645569620253,0.2043754092328196,-0.8892230824454277,0.05047047103724017
19,36,9,4,4,2.66,4.36,3.88,0.6855670103092784,Inter,Napoli,Serie A,0.37593984962406013,0.2577319587628866,0.8630296065520844,0.2293577981651376,0.36472511272258346,-0.2334776384672561,-0.13449214549117766
26,26,4,2,4,2.9,2.74,2.22,1.306306306306306,Lyon,Lille,Ligue 1,0.3448275862068966,0.4504504504504504,1.160241540306982,0.36496350364963503,0.19416650348237932,0.4439722347502988,0.199874836428223
24,15,0,0,4,3.37,3.3,2.73,1.2344322344322345,Leipzig,Frankfurt,Bundesliga,0.29673590504451036,0.3663003663003663,0.9660665743751797,0.30303030303030304,0.16593633127963417,0.7875899495327385,0.2429925076937865
7,15,0,5,4,1.71,3.41,1.62,1.0555555555555554,Bayern Munich,Frankfurt,Bundesliga,0.5847953216374269,0.6172839506172839,1.49533440421952,0.29325513196480935,0.37536763527380834,-0.555731998012071,0.36084389114932897
51,39,2,5,4,3.44,4.54,2.28,1.5087719298245614,Utrecht,PSV,Eredivisie,0.29069767441860467,0.4385964912280702,0.9495584828272916,0.22026431718061673,0.1860865979139007,-0.3998960951222392,-0.03701587626022776
2,14,2,5,4,2.05,4.78,3.54,0.57909604519774,Ajax,Feyenoord,Eredivisie,0.48780487804878053,0.2824858757062147,0.9794957746754973,0.20920502092050208,0.22339901442440355,0.48136584991685005,0.24555602959948447
50,39,2,4,4,1.74,4.21,2.18,0.7981651376146789,Twente,PSV,Eredivisie,0.5747126436781609,0.4587155963302752,1.2709579312198374,0.23752969121140144,0.25786549853887963,-0.4069316353394927,0.3548177160808485
31,19,9,0,4,2.78,4.11,3.23,0.8606811145510835,Milan,Inter,Serie A,0.3597122302158274,0.30959752321981426,0.9126187558687315,0.24330900243309,0.13981456555401395,-0.7190446593063227,-0.1672769957028974
23,36,9,0,4,1.99,3.67,3.31,0.6012084592145015,Lazio,Napoli,Serie A,0.5025125628140703,0.3021148036253776,1.0771069304721455,0.2724795640326976,0.23203359694317235,-0.2226935916036623,0.30638713730234374
43,21,9,0,4,3.27,4.42,2.24,1.4598214285714284,Roma,Juventus,Serie A,0.3058103975535168,0.4464285714285714,0.9784833128734909,0.22624434389140272,0.23658666974261489,0.20157605245759358,0.1643672137375069
7,12,0,6,4,3.26,4.37,1.81,1.8011049723756904,Bayern Munich,Dortmund,Bundesliga,0.3067484662576687,0.5524861878453039,1.0880676060480527,0.22883295194508008,0.19503352116730588,0.8422405450060773,0.3545374499702912
32,38,4,2,4,1.76,3.55,3.16,0.5569620253164557,Monaco,PSG,Ligue 1,0.5681818181818182,0.3164556962025316,1.1663276552294204,0.28169014084507044,0.21696552612948877,0.09647201445186027,0.07837873825874986
27,3,6,0,4,2.42,3.69,1.64,1.475609756097561,Manchester City,Arsenal,Premier League,0.4132231404958678,0.6097560975609756,1.2939819480839438,0.2710027100271003,0.27120983065477655,0.781866320538217,-0.19478815128376928
33,49,5,2,4,3.25,4.2,3.19,1.0188087774294672,NYCFC,Toronto FC,MLS,0.3076923076923077,0.31347962382445144,0.8592671696119973,0.23809523809523808,0.1967496827297185,-0.3073838721314466,-0.11678024493104129
27,3,6,1,4,2.39,4.89,2.75,0.8690909090909091,Manchester City,Arsenal,Premier League,0.41841004184100417,0.36363636363636365,0.9865453829824803,0.20449897750511248,0.14281192757056813,0.43424285921633454,-0.0866998593066194
28,27,6,5,4,2.51,3.92,2.12,1.1839622641509433,Manchester United,Liverpool,Premier League,0.39840637450199207,0.4716981132075471,1.1252065285258657,0.25510204081632654,0.174269578687839,0.9148306440826444,0.06309141247970712
43,23,9,4,4,3.68,4.24,1.74,2.1149425287356323,Roma,Lazio,Serie A,0.2717391304347826,0.5747126436781609,1.082300830716717,0.23584905660377356,0.10996482363558853,-0.4737142720280869,0.19139823279439094
53,8,7,1,4,3.47,2.88,2.87,1.2090592334494774,Vitoria,Benfica,Primeira Liga,0.2881844380403458,0.3484320557491289,0.9838387160116969,0.3472222222222222,0.31878736899050797,-0.6145538321147084,0.0733384299779441
10,17,8,6,4,1.73,4.21,1.78,0.9719101123595504,Celtic,Hearts,Scottish Premiership,0.5780346820809249,0.5617977528089888,1.377362126101315,0.23752969121140144,0.3363186463689928,0.09197468171235856,0.3139135190124221
2,52,2,3,4,1.7,4.01,1.71,0.9941520467836256,Ajax,Utrecht,Eredivisie,0.5882352941176471,0.5847953216374269,1.4224071743585651,0.24937655860349128,0.2904100167591993,-0.2278179546980097,0.06584381280254265
20,35,5,3,4,2.82,2.66,3.99,0.706766917293233,Inter Miami,NYCFC,MLS,0.3546099290780142,0.2506265664160401,0.9811763451181145,0.37593984962406013,0.10078229150224681,0.9723549925960404,-0.06122297139662625
42,38,4,3,4,3.93,3.44,2.53,1.5533596837944663,Rennes,PSG,Ligue 1,0.2544529262086514,0.3952569169960475,0.9404075176233035,0.29069767441860467,0.23481565288453257,0.9911933654590499,-0.04585195503730896
24,12,0,2,4,3.82,3.76,2.88,1.3263888888888888,Leipzig,Dortmund,Bundesliga,0.2617801047120419,0.3472222222222222,0.8749597737427748,0.26595744680851063,0.3222708234783461,0.3018845151659062,0.36729043525522004
54,56,1,5,4,3.82,2.94,1.79,2.1340782122905027,Watford,West Brom,Championship,0.2617801047120419,0.5586592178770949,1.1605753770109055,0.3401360544217687,0.2855559611834558,-0.688130599362333,0.22993886602075114
18,1,8,5,4,3.65,2.52,2.51,1.454183266932271,Hibernian,Aberdeen,Scottish Premiership,0.273972602739726,0.39840637450199207,1.0692043740671149,0.3968253968253968,0.22531637385163253,-0.26870968856827115,-0.16226463045562384
23,44,9,2,4,3.69,3.06,2.43,1.5185185185185184,Lazio,Roma,Serie A,0.2710027100271003,0.4115226337448559,1.0093227293928713,0.32679738562091504,0.1486136479699595,0.6901581812057112,0.18434451872249502
44,49,5,5,4,2.09,4.51,3.9,0.5358974358974359,Seattle Sounders,Toronto FC,MLS,0.47846889952153115,0.25641025641025644,0.9566086459539604,0.22172949002217296,0.1910681925912992,0.8859381588286457,0.08743148417977298
11,3,6,5,4,2.84,4.01,3.12,0.91025641025641,Chelsea,Arsenal,Premier League,0.35211267605633806,0.3205128205128205,0.9220020551726498,0.24937655860349128,0.2688538973950737,0.7397308270085998,0.3715667133506794
49,30,6,4,4,2.74,3.33,2.42,1.132231404958678,Tottenham,Manchester United,Premier League,0.36496350364963503,0.4132231404958678,1.0784869444458032,0.3003003003003003,0.1402432120322481,0.4335640472938451,0.27968075203493237
49,3,6,2,4,3.71,4.86,3.81,0.973753280839895,Tottenham,Arsenal,Premier League,0.2695417789757412,0.26246719160104987,0.737770287449219,0.20576131687242796,0.3050611191581406,-0.5290046423061507,0.00154959938778787
9,54,7,2,4,3.91,4.01,1.57,2.490445859872612,Braga,Vitoria,Primeira Liga,0.2557544757033248,0.6369426751592356,1.1420737094660518,0.24937655860349128,0.4270567894974424,0.5516503310024592,0.365147582702434
41,46,3,5,4,2.93,4.19,2.41,1.2157676348547717,Real Sociedad,Sevilla,La Liga,0.341296928327645,0.41493775933609955,0.994898172150618,0.2386634844868735,0.3371141040872901,-0.20177438379607215,0.11156028414234592
0,2,2,2,4,2.53,2.82,2.91,0.8694158075601374,AZ Alkmaar,Ajax,Eredivisie,0.3952569169960475,0.3436426116838488,1.0935094577579105,0.3546099290780142,0.3044116765991557,0.5831752746043233,0.29167621234388713
40,42,3,2,4,3.45,3.14,3.93,0.8778625954198473,Real Madrid,Real Sociedad,La Liga,0.2898550724637681,0.2544529262086514,0.8627793362520373,0.3184713375796178,0.10885372848619244,0.49419358596812324,-0.056840011922426686
35,47,1,0,4,1.92,4.21,2.65,0.7245283018867924,Norwich,Sheffield United,Championship,0.5208333333333334,0.37735849056603776,1.1357215151107725,0.23752969121140144,0.25022657980571955,-0.5126655472659338,-0.06069496287895773
11,30,6,3,4,2.21,2.44,3.35,0.6597014925373134,Chelsea,Manchester United,Premier League,0.45248868778280543,0.29850746268656714,1.160832216043143,0.4098360655737705,0.3314384290492283,0.4701598263008524,0.35720780881864506
42,31,4,4,4,1.92,3.56,3.3,0.5818181818181818,Rennes,Marseille,Ligue 1,0.5208333333333334,0.30303030303030304,1.1047625127681309,0.2808988764044944,0.10285741965057854,-0.6132935289783021,-0.030550635576785057
25,11,6,2,4,3.3,3.92,3.13,1.0543130990415337,Liverpool,Chelsea,Premier League,0.30303030303030304,0.3194888178913738,0.8776211617380034,0.25510204081632654,0.47378193012667513,0.3255297741207943,0.20746233650660595
56,7,0,4,4,2.44,4.1,2.29,1.0655021834061136,Wolfsburg,Bayern Munich,Bundesliga,0.4098360655737705,0.4366812227074236,1.0904197273055845,0.24390243902439027,0.3309067568999321,0.8185625064713595,0.1960354520735495
23,36,9,6,4,2.55,4.58,3.41,0.7478005865102638,Lazio,Napoli,Serie A,0.3921568627450981,0.29325513196480935,0.9037526060636192,0.2183406113537118,0.4158807581517069,0.24251794177890917,0.37312775801314896
7,12,0,4,4,1.79,3.8,1.96,0.913265306122449,Bayern Munich,Dortmund,Bundesliga,0.5586592178770949,0.5102040816326531,1.33202119424659,0.2631578947368421,0.3590799134704572,-0.3167632973813779,0.2444313391608795
45,5,3,5,4,2.58,4.38,3.56,0.7247191011235955,Sevilla,Atletico Madrid,La Liga,0.38759689922480617,0.2808988764044944,0.8968062779124056,0.22831050228310504,0.4844150760767477,0.4332350353324572,0.03189446709089572
45,41,3,0,4,2.57,3.98,2.2,1.168181818181818,Sevilla,Real Madrid,La Liga,0.38910505836575876,0.45454545454545453,1.0949067943182484,0.25125628140703515,0.19146759713193207,-0.10762725506931159,0.31861070805174246
55,37,1,4,4,1.61,3.18,3.47,0.4639769452449567,West Brom,Norwich,Championship,0.6211180124223602,0.2881844380403458,1.2237678592677375,0.31446540880503143,0.28526812584786587,-0.9300293168796621,-0.09432692389404262
19,33,9,5,4,2.12,4.66,1.79,1.1843575418994414,Inter,Milan,Serie A,0.4716981132075471,0.5586592178770949,1.2449496057627538,0.2145922746781116,0.4182898314544584,-0.2570887330993219,0.1742096794861448
1,18,8,5,4,1.74,4.65,3.57,0.4873949579831933,Aberdeen,Hibernian,Scottish Premiership,0.5747126436781609,0.2801120448179272,1.0698784519369482,0.2150537634408602,0.13659607980498512,-0.6729178597599406,0.200452519418652
48,4,5,5,4,1.57,2.23,1.62,0.9691358024691358,Toronto FC,Atlanta United,MLS,0.6369426751592356,0.6172839506172839,1.7026571190500621,0.4484304932735426,0.45072254434749803,0.6713300020439146,0.10495565438701038
3,11,6,3,4,3.74,4.76,2.94,1.272108843537415,Arsenal,Chelsea,Premier League,0.267379679144385,0.3401360544217687,0.817599767179599,0.21008403361344538,0.33822644233387733,-0.8485671424889674,0.29281706946680974
25,29,6,5,4,1.92,2.28,2.04,0.9411764705882352,Liverpool,Manchester City,Premier League,0.5208333333333334,0.49019607843137253,1.449625902992776,0.4385964912280702,0.21120281126108706,0.560282514834449,0.10702150201882543
33,22,5,5,4,2.87,4.84,2.22,1.292792792792793,NYCFC,LA Galaxy,MLS,0.3484320557491289,0.4504504504504504,1.005494076447513,0.2066115702479339,0.18742346210264316,-0.44820987661472445,0.39679111610126067
4,49,5,5,4,2.37,4.92,2.18,1.0871559633027523,Atlanta United,Toronto FC,MLS,0.42194092827004215,0.4587155963302752,1.0839085571206426,0.2032520325203252,0.3487242327561412,0.42285233035553027,0.28707911358215177
50,52,2,3,4,2.9,2.19,3.42,0.847953216374269,Twente,Utrecht,Eredivisie,0.3448275862068966,0.29239766081871343,1.0938462515918201,0.4566210045662101,0.10512121707147273,0.1725784531803667,-0.08236675848305736
19,23,9,5,4,2.44,4.98,2.82,0.8652482269503546,Inter,Lazio,Serie A,0.4098360655737705,0.3546099290780142,0.9652492075031903,0.2008032128514056,0.3145512393575087,0.6476473358035897,-0.09734902704887505
30,37,1,4,4,2.78,2.55,2.84,0.9788732394366196,Middlesbrough,Norwich,Championship,0.3597122302158274,0.35211267605633806,1.1039817690172635,0.3921568627450981,0.12704968181719162,-0.8035084686668987,0.37214255353310993
25,29,6,5,4,3.67,4.12,2.24,1.638392857142857,Liverpool,Manchester City,Premier League,0.2724795640326976,0.4464285714285714,0.9616265820632107,0.24271844660194175,0.33885810797511173,0.44165398441277914,-0.02273445934726412
26,26,4,0,4,2.34,3.06,3.53,0.6628895184135978,Lyon,Lille,Ligue 1,0.4273504273504274,0.28328611898017,1.0374339319515125,0.32679738562091504,0.1185951907429041,0.39331817707224337,0.22563547234050557
20,45,5,3,4,3.96,4.78,2.42,1.6363636363636365,Inter Miami,Seattle Sounders,MLS,0.25252525252525254,0.4132231404958678,0.8749534139416224,0.20920502092050208,0.3259650943793511,-0.8845151264479956,0.3415337892896609
34,23,9,1,4,3.32,3.88,3.74,0.8877005347593582,Napoli,Lazio,Serie A,0.30120481927710846,0.267379679144385,0.82631645718438,0.2577319587628866,0.11015982458775922,-0.28121381763826525,0.11629258173197049
4,49,5,6,4,1.6,4.97,1.58,1.0126582278481011,Atlanta United,Toronto FC,MLS,0.625,0.6329113924050632,1.4591186358658277,0.2012072434607646,0.3208179105087594,-0.13515603071535431,0.2321921893295083
3,11,6,5,4,1.54,2.09,3.39,0.4542772861356932,Arsenal,Chelsea,Premier League,0.6493506493506493,0.2949852507374631,1.4228047996096436,0.47846889952153115,0.2629993234599507,-0.45328181416607904,-0.048591016231054523
9,16,7,3,4,3.35,3.16,3.69,0.907859078590786,Braga,Guimaraes,Primeira Liga,0.29850746268656714,0.2710027100271003,0.8859658689161991,0.3164556962025316,0.41612069479287705,-0.16371410386346552,-0.09910526001655437
49,30,6,1,4,1.98,2.28,3.86,0.5129533678756477,Tottenham,Manchester United,Premier League,0.5050505050505051,0.2590673575129534,1.2027143537915288,0.4385964912280702,0.45954901594940323,-0.32496734549232476,0.354196726742303
28,50,6,5,4,3.16,2.08,3.26,0.9693251533742332,Manchester United,Tottenham,Premier League,0.3164556962025316,0.3067484662576687,1.103973393229431,0.4807692307692307,0.1475216043880217,0.5540234721636621,0.3501354312871358
50,2,2,5,4,2.56,2.63,2.82,0.9078014184397164,Twente,Ajax,Eredivisie,0.390625,0.3546099290780142,1.1254630659601434,0.3802281368821293,0.16473516115837775,-0.2368025746076694,-0.11328184480519003
40,42,3,5,4,2.65,2.64,2.99,0.88628762541806,Real Madrid,Real Sociedad,La Liga,0.37735849056603776,0.33444816053511706,1.0905945298890336,0.3787878787878788,0.10856984532706436,-0.6589842216723001,0.33457436226572795
14,0,2,3,4,3.6,4.44,3.04,1.1842105263157894,Feyenoord,AZ Alkmaar,Eredivisie,0.2777777777777778,0.32894736842105265,0.8319503714240557,0.2252252252252252,0.43845364827704103,0.28878264686361543,0.15462978208255568
51,39,2,5,4,3.68,2.24,3.15,1.1682539682539683,Utrecht,PSV,Eredivisie,0.2717391304347826,0.31746031746031744,1.0356280193236715,0.4464285714285714,0.16563488835816967,-0.2308008562977244,-0.09561451160402594
51,51,2,5,4,1.69,3.01,3.54,0.4774011299435028,Utrecht,Twente,Eredivisie,0.591715976331361,0.2824858757062147,1.206427765658838,0.33222591362126247,0.3084779535070947,-0.4214169250589259,0.17739930521182518
6,41,3,5,4,1.82,4.46,3.77,0.4827586206896552,Barcelona,Real Madrid,La Liga,0.5494505494505494,0.26525198938992045,1.0389177854772411,0.2242152466367713,0.21895118238993716,0.8229396076428774,0.36442890971811087
39,17,8,2,4,3.94,4.97,3.68,1.0706521739130437,Rangers,Hearts,Scottish Premiership,0.25380710659898476,0.2717391304347826,0.7267534804945319,0.2012072434607646,0.12538592738357837,0.17714696599557267,0.014242629963494402
10,1,8,4,4,2.53,2.13,2.65,0.9547169811320756,Celtic,Aberdeen,Scottish Premiership,0.3952569169960475,0.37735849056603776,1.2420989756372025,0.4694835680751174,0.45450916024010146,0.41195579781545444,0.12813356063915143
27,11,6,2,4,3.44,4.0,3.47,0.9913544668587896,Manchester City,Chelsea,Premier League,0.29069767441860467,0.2881844380403458,0.8288821124589505,0.25,0.3334786608704717,0.09825506479623614,-0.17050513579396764
45,6,3,0,4,2.9,3.25,3.61,0.8033240997229917,Sevilla,Barcelona,La Liga,0.3448275862068966,0.2770083102493075,0.9295282041485118,0.3076923076923077,0.19754089083108373,0.9231038088529031,-0.19130519986980118
49,30,6,0,4,2.93,2.55,3.0,0.9766666666666668,Tottenham,Manchester United,Premier League,0.341296928327645,0.3333333333333333,1.0667871244060763,0.3921568627450981,0.4548724898556459,-0.14047025452079498,-0.19722945655951976
16,8,7,3,4,1.51,3.12,2.95,0.5118644067796609,Guimaraes,Benfica,Primeira Liga,0.6622516556291391,0.3389830508474576,1.3217475269894172,0.3205128205128205,0.18565109088240306,0.699020019168084,-0.018816009022993546
16,54,7,0,4,2.19,3.05,3.23,0.6780185758513931,Guimaraes,Vitoria,Primeira Liga,0.4566210045662101,0.30959752321981426,1.0940873802450408,0.3278688524590164,0.18810373180741766,0.3051675045561475,0.06990767864015868
55,32,1,0,4,3.08,2.57,3.57,0.8627450980392157,West Brom,Middlesbrough,Championship,0.3246753246753247,0.2801120448179272,0.9938924278590107,0.38910505836575876,0.11860941411292734,0.2492730435326247,0.2036723663624892
32,28,4,4,4,2.67,3.16,3.53,0.7563739376770539,Monaco,Lyon,Ligue 1,0.37453183520599254,0.28328611898017,0.9742736503886942,0.3164556962025316,0.15787729343205104,0.18426084878929316,0.006008577846116719
8,9,7,5,4,2.06,3.95,1.6,1.2875,Benfica,Braga,Primeira Liga,0.4854368932038835,0.625,1.3636014501659088,0.2531645569620253,0.40807774973883915,0.5347603404939381,0.01651576070406613
16,48,7,5,4,3.02,4.53,2.91,1.0378006872852232,Guimaraes,Sporting CP,Primeira Liga,0.33112582781456956,0.3436426116838488,0.8955189913747981,0.22075055187637968,0.3659765029421913,-0.43250107362111545,0.3581519925800087
50,39,2,5,4,2.07,3.96,3.64,0.5686813186813187,Twente,PSV,Eredivisie,0.48309178743961356,0.2747252747252747,1.010342314690141,0.25252525252525254,0.4767430849163953,0.7966560748434943,0.04226586923330469
13,17,8,3,4,3.61,4.4,3.35,1.0776119402985074,Dundee United,Hearts,Scottish Premiership,0.2770083102493075,0.29850746268656714,0.8027885002086019,0.22727272727272727,0.4737683348957843,-0.7157360392709964,-0.010909693291332817
38,48,7,5,4,1.88,3.5,3.33,0.5645645645645645,Porto,Sporting CP,Primeira Liga,0.5319148936170213,0.3003003003003003,1.1179294796316073,0.2857142857142857,0.19543991156519547,-0.4988374983715742,0.338001304459652
47,9,7,4,4,2.23,4.95,2.65,0.8415094339622642,Sporting CP,Braga,Primeira Liga,0.4484304932735426,0.37735849056603776,1.0278091858597824,0.20202020202020202,0.25283694042863003,-0.10792383574111275,0.2110488859854862
1,17,8,5,4,2.41,3.25,2.25,1.0711111111111111,Aberdeen,Hearts,Scottish Premiership,0.41493775933609955,0.4444444444444444,1.1670745114728516,0.3076923076923077,0.10464654457083995,-0.6793140195639109,0.3842884634626909
40,53,3,2,4,1.94,2.84,1.7,1.1411764705882352,Real Madrid,Villarreal,La Liga,0.5154639175257733,0.5882352941176471,1.4558118876997583,0.35211267605633806,0.27013091168988157,0.9582956980582402,0.23226604365488096
16,40,7,5,4,3.23,3.86,1.85,1.745945945945946,Guimaraes,Porto,Primeira Liga,0.30959752321981426,0.5405405405405405,1.109205421273308,0.2590673575129534,0.2551215746442066,-0.13945464703650057,0.39610805038382574
44,20,5,5,4,1.83,4.27,3.69,0.4959349593495935,Seattle Sounders,Inter Miami,MLS,0.5464480874316939,0.2710027100271003,1.0516428349295202,0.234192037470726,0.17048674509118789,-0.624870198176696,0.35243191897303244
35,56,1,3,4,3.46,2.71,2.71,1.2767527675276753,Norwich,West Brom,Championship,0.28901734104046245,0.36900369003690037,1.0270247211142634,0.36900369003690037,0.11916450691979699,-0.517010312391813,0.04573705439459361
1,13,8,5,4,3.22,3.12,3.76,0.8563829787234044,Aberdeen,Dundee United,Scottish Premiership,0.3105590062111801,0.26595744680851063,0.8970292735325112,0.3205128205128205,0.3713253812299353,0.1423619707334418,0.05175774815657053
49,3,6,4,4,3.9,3.89,1.88,2.0744680851063837,Tottenham,Arsenal,Premier League,0.25641025641025644,0.5319148936170213,1.0453945587676374,0.2570694087403599,0.4187257672688257,-0.2821454006693871,-0.12363539722770318
7,12,0,0,4,3.65,2.94,3.08,1.185064935064935,Bayern Munich,Dortmund,Bundesliga,0.273972602739726,0.3246753246753247,0.9387839818368193,0.3401360544217687,0.43443813883337556,0.44396018103135493,0.24221542535708335
40,46,3,5,4,2.83,4.0,3.65,0.7753424657534247,Real Madrid,Sevilla,La Liga,0.35335689045936397,0.273972602739726,0.87732949319909,0.25,0.20868669591808003,-0.06818837215014772,0.19124020732165598
15,57,0,6,4,3.56,4.98,3.44,1.0348837209302326,Frankfurt,Wolfsburg,Bundesliga,0.2808988764044944,0.29069767441860467,0.7723997636745047,0.2008032128514056,0.4026257534288442,-0.47835998917998146,0.20325335370621328
33,49,5,1,4,3.73,4.42,2.04,1.82843137254902,NYCFC,Toronto FC,MLS,0.2680965147453083,0.49019607843137253,0.9845369370680835,0.22624434389140272,0.14273619544393656,-0.6718518074608848,-0.04073910185068949
45,53,3,5,4,3.94,3.41,2.5,1.576,Sevilla,Villarreal,La Liga,0.25380710659898476,0.4,0.9470622385637941,0.29325513196480935,0.48404733749488715,-0.3505874411883503,0.2767371415611594
51,14,2,1,4,3.8,4.6,3.68,1.0326086956521738,Utrecht,Feyenoord,Eredivisie,0.2631578947368421,0.2717391304347826,0.7522883295194509,0.2173913043478261,0.3822047684147565,0.3835812530513538,-0.0018349424590461128
27,30,6,3,4,3.62,3.57,3.68,0.9836956521739132,Manchester City,Manchester United,Premier League,0.27624309392265195,0.2717391304347826,0.8280942691753618,0.2801120448179272,0.2272105552858572,-0.18156574252937907,-0.16923236863316002
42,34,4,5,4,2.77,2.75,1.97,1.4060913705583755,Rennes,Monaco,Ligue 1,0.36101083032490977,0.5076142131979695,1.232261407159243,0.36363636363636365,0.48244157294549117,0.9945853606645512,0.30257521344402
56,24,0,5,4,2.73,2.17,1.6,1.7062499999999998,Wolfsburg,Leipzig,Bundesliga,0.3663003663003663,0.625,1.452129859387924,0.4608294930875576,0.3680963218931763,0.12239090698618171,-0.12516711330151548
52,6,3,6,4,3.5,4.07,2.0,1.75,Villarreal,Barcelona,La Liga,0.2857142857142857,0.5,1.0314145314145313,0.24570024570024568,0.3788545440945531,-0.13822816473543775,0.057854410025545144
33,45,5,5,4,3.63,2.21,3.75,0.968,NYCFC,Seattle Sounders,MLS,0.27548209366391185,0.26666666666666666,0.994637448113384,0.45248868778280543,0.22993803034605775,0.44784632813489456,-0.08743351235009877
1,13,8,2,4,3.52,4.36,2.1,1.6761904761904762,Aberdeen,Dundee United,Scottish Premiership,0.2840909090909091,0.47619047619047616,0.9896391834465228,0.2293577981651376,0.19779665379662173,-0.10382050563310563,0.2728053399064913
37,51,2,6,4,3.92,4.15,1.94,2.020618556701031,PSV,Twente,Eredivisie,0.25510204081632654,0.5154639175257733,1.0115298137637865,0.24096385542168672,0.4029402386614316,0.34951991106947133,0.2943187036733139
42,26,4,1,4,3.01,4.79,2.85,1.056140350877193,Rennes,Lille,Ligue 1,0.33222591362126247,0.3508771929824561,0.8918713738271006,0.20876826722338204,0.18694407228740473,0.4398160658694943,0.117836967971849
45,6,3,2,4,2.61,3.96,3.14,0.8312101910828025,Sevilla,Barcelona,La Liga,0.3831417624521073,0.3184713375796178,0.9541383525569778,0.25252525252525254,0.10274406352764448,-0.3838647558509689,0.2361482429857571
9,54,7,2,4,2.07,3.1,3.76,0.550531914893617,Braga,Vitoria,Primeira Liga,0.48309178743961356,0.26595744680851063,1.0716298794094146,0.3225806451612903,0.2867785426236585,-0.8165099466352077,0.09296309067891578
18,13,8,2,4,2.55,4.88,1.7,1.5,Hibernian,Dundee United,Scottish Premiership,0.3921568627450981,0.5882352941176471,1.1853101896496305,0.20491803278688525,0.435237675571053,0.7941836684379275,-0.07860290149144095
31,36,9,5,4,2.72,3.25,1.58,1.7215189873417722,Milan,Napoli,Serie A,0.3676470588235294,0.6329113924050632,1.3082507589209003,0.3076923076923077,0.46375018866986395,-0.5972731595819281,-0.16998665401573979
9,8,7,2,4,2.4,3.89,3.17,0.7570977917981072,Braga,Benfica,Primeira Liga,0.4166666666666667,0.31545741324921134,0.9891934886562379,0.2570694087403599,0.2648231773280472,0.24322572602381043,0.2443018607554467
17,1,8,3,4,2.96,4.64,1.92,1.5416666666666667,Hearts,Aberdeen,Scottish Premiership,0.33783783783783783,0.5208333333333334,1.0741884125504815,0.21551724137931036,0.12407237938507919,0.9842137002221136,0.24249810049806958
12,24,0,0,4,1.95,2.97,1.58,1.2341772151898731,Dortmund,Leipzig,Bundesliga,0.5128205128205129,0.6329113924050632,1.4824322419259128,0.33670033670033667,0.3472857657262501,0.01508180857907182,-0.14388879439805424
22,4,5,0,4,3.49,2.5,3.19,1.0940438871473357,LA Galaxy,Atlanta United,MLS,0.28653295128939826,0.31347962382445144,1.0000125751138498,0.4,0.3218905563281963,0.242903992134899,0.03040988464969238
20,49,5,0,4,1.73,4.47,2.1,0.8238095238095238,Inter Miami,Toronto FC,MLS,0.5780346820809249,0.47619047619047616,1.2779388048038396,0.2237136465324385,0.29375156221543103,0.8506136804050743,0.35470678086723234
44,49,5,1,4,3.13,3.43,2.48,1.2620967741935485,Seattle Sounders,Toronto FC,MLS,0.3194888178913738,0.40322580645161293,1.0142598138473597,0.29154518950437314,0.19757332849084014,0.7568071791173765,0.07932000512206544
28,29,6,0,4,2.14,2.1,1.89,1.1322751322751323,Manchester United,Manchester City,Premier League,0.4672897196261682,0.5291005291005292,1.4725807249171736,0.47619047619047616,0.2765847555656727,-0.9301247992960135,-0.13659119612294968
44,35,5,5,4,3.63,3.02,3.04,1.194078947368421,Seattle Sounders,NYCFC,MLS,0.27548209366391185,0.32894736842105265,0.9355552898995341,0.33112582781456956,0.3970734562181305,-0.22725230171088784,0.02554652286456152
37,14,2,5,4,4.0,3.34,3.28,1.2195121951219512,PSV,Feyenoord,Eredivisie,0.25,0.3048780487804878,0.8542792463852783,0.29940119760479045,0.3419451087593109,-0.23175215110611935,0.008487949919195381
27,50,6,1,4,2.79,2.78,3.32,0.8403614457831325,Manchester City,Tottenham,Premier League,0.35842293906810035,0.30120481927710846,1.0193399885610361,0.3597122302158274,0.40199426894439705,0.05731776085672613,0.23190832976942793
31,36,9,5,4,2.18,2.09,3.27,0.6666666666666667,Milan,Napoli,Serie A,0.4587155963302752,0.3058103975535168,1.2429948934053232,0.47846889952153115,0.36084868865768305,-0.5622613595039319,0.3340037991599832
